<?xml version="1.0" encoding="UTF-8"?>
<dictionary>

  <!-- Definition of all the supported avp tpye, the type is used
       for message translation -->
  <typedefn name="OctetString"/>
  <typedefn name="UTF8String" parent="OctetString"/>
  <typedefn name="IPAddress" parent="OctetString"/>
  <typedefn name="Integer32"/>
  <typedefn name="Integer64"/>

  <!-- Definition of all the supported command, the command is
       used for the indication of each message -->
  <command name="GET_CHUNK" code="2">
      <avprule name="fileId"/>
      <avprule name="destIP"/>
  </command>
  
  <command name="DFS_INPUT_CHUNK" code="11">
    <avprule name="filePath"/>
    <avprule name="index"/>
    <avprule name="intPadding"/>
    <avprule name="privateData"/>
    <avprule name="privateDataSize"/>
    <avprule name="size"/>
    <avprule name="handle"/>
    <avprule name="checksum"/>
    <avprule name="destinationIP"/>
    <avprule name="destinationCount"/>
    <avprule name="reserved" length="121"/>
  </command>

  <!-- Definition of all the supported AVPs, the avp is used
       to compose the message content -->
  <avp name="filePath" code="222" length="256">
    <type name="UTF8String"/>
  </avp>
  <avp name="index" code="222">
    <type name="Integer32"/>
  </avp>
  <avp name="intPadding" code="222">
    <type name="Integer32"/>
  </avp>
  <avp name="privateData" code="222" length="128">
    <type name="OctectString"/>
  </avp>
  <avp name="privateDataSize" code="222">
    <type name="Integer32"/>
  </avp>
  <avp name="size" code="222">
    <type name="Integer32"/>
  </avp>
  <avp name="handle" code="222">
    <type name="Integer64"/>
  </avp>
  <avp name="checksum" code="222" length="16">
    <type name="OctectString"/>
  </avp>
  <avp name="destinationIP" code="222" length="8">
    <type name="IPAddress"/>
  </avp>
  <avp name="destinationCount" code="222">
    <type name="Integer32"/>
  </avp>
  <avp name="reserved" code="222">
    <type name="Integer32"/>
  </avp>

  <avp name="numOfChunk" code="222">
    <type name="Integer32"/>
  </avp>
  <avp name="personalData" code="223">
    <type name="OctetString"/>
  </avp>
  <avp name="fileId" code="224">
    <type name="Integer32"/>
  </avp>
  <avp name="destIp" code="225">
    <type name="IPAddress"/>
  </avp>
</dictionary>
